<?xml version="1.0" encoding="UTF-8"?>
<web-app xmlns:xsi="http://www.w3.org/2001/XMLSchema-instance"
	xmlns="http://xmlns.jcp.org/xml/ns/javaee"
	xsi:schemaLocation="http://xmlns.jcp.org/xml/ns/javaee http://xmlns.jcp.org/xml/ns/javaee/web-app_4_0.xsd"
	id="WebApp_ID" version="4.0">
	<display-name>Ocean</display-name>
	<welcome-file-list>
		<welcome-file>index.html</welcome-file>
		<welcome-fiSle>index.jsp</welcome-file>
		<welcome-file>index.htm</welcome-file>
		<welcome-file>default.html</welcome-file>
		<welcome-file>default.jsp</welcome-file>
		<welcome-file>default.htm</welcome-file>
	</welcome-file-list>

	<!-- adicionando os servlet dependencias(bibliotecas) do que vai ser utilizado 
		no projeto -->
	<servlet>
		<servlet-name>jersey-servlet</servlet-name>
		<servlet-class>org.glassfish.jersey.servlet.ServletContainer</servlet-class>
		<!-- vão dizer aonde vão estar os pacotes ou seja as classes -->
		<init-param>
			<param-name>jersey.config.server.provider.packages</param-name>
			<param-value>br.com.fiap.resource</param-value>
		</init-param>
		<init-param>
			<param-name>com.sun.jersey.api.json.POJOMappingFeature</param-name>
			<param-value>true</param-value>
		</init-param>
		<load-on-startup>1</load-on-startup>
	</servlet>
	<servlet-mapping>
		<servlet-name>jersey-servlet</servlet-name>
		<url-pattern>/rest/*</url-pattern>
	</servlet-mapping>
</web-app>